item,pca,width,height,cx,cy,baseline,area,projected_length
slot06,23.88070001922864,146,105,90.98906439854191,116.31530984204132,169,9876,243.23945843362944
old_slot07,-0.756070627543636,150,84,89.66841627132331,129.29363076612495,169,9907,279.1224694432087
manual_A,3.287818260695758,150,87,89.20173603848568,128.23509725998744,169,9562,277.3312155889939
manual_B,4.041612956250987,150,88,89.26628775918324,128.00189453741712,169,9501,277.17950073543574
manual_C,4.505186020720231,150,89,89.25499474237644,128.05394321766562,169,9510,277.0899670183539
slot08,-3.1605781928598162,153,76,91.09961811238406,133.17523186033824,169,9165,283.488987773049
