item,pca,width,height,cx,cy,baseline,area,projected_length
slot06,23.88070001922864,146,105,90.98906439854191,116.31530984204132,169,9876,243.23945843362944
old_slot07,-0.756070627543636,150,84,89.66841627132331,129.29363076612495,169,9907,279.1224694432087
step1i_C,4.505186020720231,150,89,89.25499474237644,128.05394321766562,169,9510,277.0899670183539
true_A,5.20661833600883,153,86,91.13238289205702,127.55536499088862,169,9329,276.77718530193175
true_B,7.043344477321966,153,91,92.04807889870557,125.26874871584138,169,9734,278.04924852156046
true_C,8.555022780916232,153,95,92.98610563657864,123.39544737879385,169,10148,278.52048675794634
slot08,-3.1605781928598162,153,76,91.09961811238406,133.17523186033824,169,9165,283.488987773049
