item,pca_angle,width,height,centroid_x,centroid_y,baseline,area,projected_length,x,y
slot06,23.88070001922864,146,105,90.98906439854191,116.31530984204132,169,9876,243.23945843362944,20,65
old_slot07,-0.756070627543636,150,84,89.66841627132331,129.29363076612495,169,9907,279.1224694432087,18,86
candidate_A,-2.4476740983973286,150,90,90.07882386744565,126.48989560386936,169,10441,273.82680730758386,18,80
candidate_B,-8.690388948838631,150,90,92.17771021178444,126.1279094149717,169,9538,266.64589568964834,18,80
candidate_C,-14.574849052440413,150,90,91.63811780636425,124.42631460167006,169,8862,262.4165420257562,18,80
slot08,-3.1605781928598162,153,76,91.09961811238406,133.17523186033824,169,9165,283.488987773049,17,94
